<?xml version="1.0" encoding="UTF-8"?>

<!DOCTYPE mapper
  PUBLIC "-//mybatis.org//DTD Mapper 3.0//EN"
  "http://mybatis.org/dtd/mybatis-3-mapper.dtd">

<mapper namespace="web.dao.face.BoardDao">

	<resultMap type="web.dto.Board" id="Board">
		<result column="board_no" property="boardNo"/>
		<result column="writer_id" property="writerId"/>
		<result column="writer_nick" property="writerNick"/>
		<result column="write_date" property="writeDate"/>
	</resultMap>

	<sql id="selectBoard">
		SELECT
		    board_no,
		    title,
		    writer_id,
		    writer_nick,
		    hit,
		    content,
		    write_date
		FROM board
	</sql>

	<select id="selectPagingList" resultMap="Board" parameterType="web.util.Paging">
		SELECT * FROM (
			SELECT rownum rnum, B.* FROM (
				<include refid="selectBoard" />
			) B
			ORDER BY board_no DESC
		) R
		WHERE R.rnum BETWEEN #{startNo } AND #{endNo }
		ORDER BY rnum
	</select>

	<select id="selectCntAll" resultType="int">
		SELECT COUNT(*) CNT FROM (
			<include refid="selectBoard" />
		) CNT
	</select>

</mapper>

















