<?xml version="1.0" encoding="UTF-8"?>

<!DOCTYPE mapper
  PUBLIC "-//mybatis.org//DTD Mapper 3.0//EN"
  "http://mybatis.org/dtd/mybatis-3-mapper.dtd">

<mapper namespace="web.dao.face.MemberDao">

	<sql id="selectMember">
		SELECT
			id,
			pw,
			nick
		FROM member
	</sql>

	<sql id="selectMemberById">
		SELECT * FROM (
			<include refid="selectMember" />
		) M
		<trim prefix="WHERE" prefixOverrides="AND">
			<if test="id != null and id != ''">AND id=#{id }</if>
		</trim>
	</sql>
	
	<select id="select"
	 parameterType="web.dto.Member"
	 resultType="web.dto.Member">
		<include refid="selectMemberById" />
	</select>


	<select id="selectCntById"
	 parameterType="web.dto.Member"
	 resultType="int">
	 	SELECT COUNT(*) CNT FROM (
			<include refid="selectMemberById" />
		) C
	</select>

	<select id="selectCnt"
	 parameterType="web.dto.Member"
	 resultType="int">
	 	SELECT COUNT(*) CNT FROM (
			<include refid="selectMember" />
		) M
		<trim prefix="WHERE" prefixOverrides="AND">
		<if test="id != null and id != ''">AND id=#{id }</if>
		<if test="pw != null and pw != ''">AND pw=#{pw }</if>
		</trim>
	</select>

	<insert id="insert" parameterType="web.dto.Member">
		INSERT INTO member ( id, pw, nick )
		VALUES ( #{id }, #{pw }, #{nick } )
	</insert>

</mapper>









