<?xml version="1.0" encoding="UTF-8" ?>
<!DOCTYPE configuration
  PUBLIC "-//mybatis.org//DTD Config 3.0//EN"
  "http://mybatis.org/dtd/mybatis-3-config.dtd">
<configuration>
<!-- DB 세팅 -->
  <environments default="development">
    <environment id="development">
	  
	  <!--트랜잭션 관리 설정 -->
      <transactionManager type="JDBC"/>
      
	  <!--DB접속 정보 설정 -->
      <dataSource type="POOLED">
        <property name="driver" value="oracle.jdbc.driver.OracleDriver"/>
        <property name="url" value="jdbc:oracle:thin:@localhost:1521:XE"/>
        <property name="username" value="scott"/>
        <property name="password" value="tiger"/>
      </dataSource>
    </environment>
  </environments>
  <!--매퍼(SQL을 담은 xml파일) 위치 설정 -->
  <mappers>
    <mapper resource="dao/DeptDaoImpl.xml"/>
  </mappers>
</configuration>