<?xml version="1.0" encoding="UTF-8"?>

<!-- DTD, DocType -->
<!DOCTYPE mapper
  PUBLIC "-//mybatis.org//DTD Mapper 3.0//EN"
  "http://mybatis.org/dtd/mybatis-3-mapper.dtd">

<mapper namespace="mvc.dao.MyBatisDao">

	<!-- type == 실제 DTO -->
	<!-- id == 내가 만든 ResultMap 이름 지정 -->
	<resultMap type="mvc.dto.Article" id="Article">
		<result property="articleNo" column="article_no"/>
		<result property="articleTitle" column="article_title"/>
	</resultMap>

	<select id="select" resultMap="Article">
		SELECT
			article_no,
			article_title
		FROM article
	</select>

	<select id="select2" resultMap="Article"
	 parameterType="hashmap">
	 
		SELECT
			article_no,
			article_title
		FROM article
		WHERE
			article_title IN ( #{one }, #{two } )
		
	</select>

</mapper>



















