<?xml version="1.0" encoding="UTF-8"?>
<!DOCTYPE mapper
  PUBLIC "-//mybatis.org//DTD Mapper 3.0//EN"
  "http://mybatis.org/dtd/mybatis-3-mapper.dtd">
<mapper namespace="dao.EmpDao">
  
  <select id="selectByEmpNo" parameterType="dto.Emp" resultType="dto.Emp">  	
    select * from emp where empno = #{empno}
  </select>  
  <select id="selectAll" resultType="dto.Emp">
  	SELECT * FROM emp ORDER BY empno
  </select>
  <insert id="insertEmp" parameterType="dto.Emp">
	INSERT INTO emp VALUES(#{empno}, #{ename}, #{job}, #{mgr}, #{hiredate}, #{sal}, #{comm}, #{deptno})   
  </insert>
  <delete id="deleteByEmpNo" parameterType="dto.Emp">
	DELETE FROM emp where empno = #{empno}   
  </delete>
  
</mapper>