<?xml version="1.0" encoding="UTF-8"?>

<!-- DTD, DocType -->
<!DOCTYPE mapper
  PUBLIC "-//mybatis.org//DTD Mapper 3.0//EN"
  "http://mybatis.org/dtd/mybatis-3-mapper.dtd">
<mapper namespace="web.dao.MemberDao">
	<select id="search" resultType="int" parameterType="web.dto.Member">
		select count(*) FROM member
		WHERE id = #{id} AND pw = #{pw}
	</select>
	<select id="searchById" resultType="int" parameterType="web.dto.Member">
		select count(*) FROM member
		WHERE id = #{id}
	</select>
	<insert id="join" parameterType="web.dto.Member">
		INSERT INTO member VALUES(#{id},#{pw},#{nick})	
	</insert>
	<select id="select" parameterType="web.dto.Member" resultType="web.dto.Member">
		SELECT id, pw, nick FROM member
		WHERE id = #{id}
	</select>

</mapper>