<?xml version="1.0" encoding="UTF-8"?>

<!-- DTD, DocType -->
<!DOCTYPE mapper
  PUBLIC "-//mybatis.org//DTD Mapper 3.0//EN"
  "http://mybatis.org/dtd/mybatis-3-mapper.dtd">
  
 <mapper namespace="web.dao.BoardDao">
 	<!-- type = 실제 DTO -->
	<!-- id == 내가 만든 ResultMap 이름 지정 -->
 	<resultMap type="web.dto.Board" id="Board">
 		<result property="boardno" column="board_no"/>
 		<result property="id" column="writer_id"/>
 		<result property="nick" column="writer_nick"/>
 		<result property="date" column="write_date"/> 		
 	</resultMap>
 	
 	<select id="list" resultMap="Board" parameterType="web.dto.Paging">
 		SELECT
 			C.rnum,
 			C.board_no,
 			C.title,
 			C.writer_id,
 			C.writer_nick,
 			C.hit,
 			C.content,
 			C.write_date
 		FROM (
 			SELECT rownum rnum, B.* FROM (
 				SELECT * FROM board
 				ORDER BY board_no DESC
 			)B
 			ORDER BY rnum
 		)C
 		WHERE rnum BETWEEN #{startNo} AND #{endNo}
 	</select>
 	
 	<select id="totalCnt" resultType="int">
 		SELECT count(*)
 		FROM board	
 	</select>
 
 	<update id="hit" parameterType="web.dto.Board">
		UPDATE board SET hit=hit+1 
		WHERE board_no = #{boardno}
	</update>
	
	<select id="select" parameterType="web.dto.Board" resultMap="Board">
		SELECT board_no,
				title,
 				writer_id,
 				writer_nick,
 				hit,
 				content,
 				write_date
		FROM board
		WHERE board_no = #{boardno}
	</select>
 
 	<insert id="write" parameterType="web.dto.Board">
		INSERT INTO board(board_no,title,writer_id,writer_nick,hit,content,write_date) 
		VALUES(board_seq.nextval,#{title},#{id},#{nick},default,#{content},default)
	</insert>
	
	<update id="updateBoard" parameterType="web.dto.Board">
		UPDATE board SET title= #{title}, content=#{content}, write_date=default
		WHERE board_no = #{boardno}
	</update>
	
	<delete id="deleteBoard" parameterType="web.dto.Board">
		DELETE FROM board
		WHERE board_no=#{boardno}
	</delete>
	
	<select id="selectCommentByBoardNo" parameterType="web.dto.Board" resultType="web.dto.Comment">
		SELECT commentno,
				boardno,
				writer_id,
				writer_nick,
				pw,
				content,
				writedate
		FROM commentTB
		WHERE boardno=#{boardno}
		ORDER BY commentno		
	</select>
	<insert id="insertComment" parameterType="web.dto.Comment">
		INSERT INTO commentTB
		VALUES(commentTB_seq.nextVal,#{boardno},#{writer_id},#{writer_nick},#{pw},#{content},default)	
	</insert>
	<delete id="deleteComment" parameterType="web.dto.Comment">
		DELETE FROM commentTB
		WHERE commentno=#{commentno}
	</delete>
	<select id="commentByCommentNo" parameterType="web.dto.Comment" resultType="web.dto.Comment">
		SELECT commentno,
				boardno,
				writer_id,
				writer_nick,
				pw,
				content,
				writedate
		FROM commentTB
		WHERE commentno=#{commentno} AND pw=#{pw}
	</select>
 
 </mapper>