<?xml version="1.0" encoding="UTF-8"?>
<beans xmlns="http://www.springframework.org/schema/beans"
	xmlns:xsi="http://www.w3.org/2001/XMLSchema-instance"
	xsi:schemaLocation="http://www.springframework.org/schema/beans http://www.springframework.org/schema/beans/spring-beans.xsd">

	<!-- Car클래스를 car라는 이름으로 Bean으로써 등록 -->
	<bean id="sCar" class="di.xmlProperty.Car">
		<property name="tire" ref="sTire" />
	</bean>
	<bean id="gCar" class="di.xmlProperty.Car">
		<property name="tire" ref="gTire"/>
	</bean>
	
	<!-- Tire클래스 구현체를 각각 Bean으로 등록 -->
	<bean id="gTire" class="di.tire.GoldTire" />
	<bean id="sTire" class="di.tire.SilverTire" />

</beans>
