<?xml version="1.0" encoding="UTF-8"?>

<!-- DTD, DocType -->
<!DOCTYPE mapper
  PUBLIC "-//mybatis.org//DTD Mapper 3.0//EN"
  "http://mybatis.org/dtd/mybatis-3-mapper.dtd">
  
 <mapper namespace="web.dao.BoardDao">
 	<!-- type = 실제 DTO -->
	<!-- id == 내가 만든 ResultMap 이름 지정 -->
 	<resultMap type="web.dto.Board" id="Board">
 		<result property="boardno" column="board_no"/>
 		<result property="id" column="writer_id"/>
 		<result property="nick" column="writer_nick"/>
 		<result property="date" column="write_date"/> 		
 	</resultMap>
 	
 	 <select id="list" resultMap="Board" parameterType="web.dto.Paging">
 		SELECT
 			C.rnum,
 			C.board_no,
 			C.title,
 			C.writer_id,
 			C.writer_nick,
 			C.hit,
 			C.content,
 			C.write_date
 		FROM (
 			SELECT rownum rnum, B.* FROM (
 				SELECT * FROM board
 				ORDER BY board_no DESC
 			)B
 			ORDER BY rnum
 		)C
 		WHERE rnum BETWEEN #{startNo} AND #{endNo}
 	</select>
 	
 	<select id="totalCnt" resultType="int">
 		SELECT count(*)
 		FROM board	
 	</select>
 
 
 
 </mapper>