<?xml version="1.0" encoding="UTF-8" ?>

<!DOCTYPE mapper
  PUBLIC "-//mybatis.org//DTD Mapper 3.0//EN"
  "http://mybatis.org/dtd/mybatis-3-mapper.dtd">

<mapper namespace="dao.EmpDao">

	<select id="selectAll" resultType="dto.Emp">
		SELECT
			empno,
			ename,
			job,
			mgr,
			hiredate,
			sal,
			comm,
			deptno
		FROM emp
		ORDER BY empno
	</select>
	
	<select id="selectByEmpNo"
	 resultType="dto.Emp" parameterType="dto.Emp">
	 	SELECT
	 		empno,
			ename,
			job,
			mgr,
			hiredate,
			sal,
			comm,
			deptno
		FROM emp
	 	WHERE empno = #{empno }	 	
		ORDER BY empno
	</select>
	
	<insert id="insertEmp" parameterType="dto.Emp">
	 	INSERT INTO emp ( empno, ename, job, mgr, hiredate, sal, comm, deptno )
	 	VALUES (#{empno }, #{ename }, #{job }, #{mgr }, #{hiredate }, #{sal }, #{comm }, #{deptno })
	</insert>
	
	<delete id="deleteByEmpNo" parameterType="dto.Emp">
	 	DELETE emp
	 	WHERE empno = #{empno }	 	
	</delete>

</mapper>















